Data Collector / Recorder,Date,Survey Start Time,Survey End Time,Observation Latitude,Observation Longitude,Observation Location,Carcass ID/#,Carcass Species,Decomposition Level / Age (1-4),Carcass Latitude,Carcass Longitude,Carcass Length (meters),Carcass Length Measurement,Bout #,Start Time,Bout Length (seconds),Feeding Observation Time (seconds),# of Pecks,Scavenger Species ID ,Max. Species in Area,Max. Species on Carcass,Notes,
Selah Hyson / Frankie Gerraty,23 July 2025,17:13,19:17,37.12712,-122.33667,"North Point Beach, Año Nuevo",CCAM 53,CASL ,3,37.12741,-122.33685,1.8,measured,1,17:15,NA,300,70,UNGU,NA,NA,,
Selah Hyson / Frankie Gerraty,23 July 2025,17:13,19:17,37.12712,-122.33667,"North Point Beach, Año Nuevo",CCAM 53,CASL ,3,37.12741,-122.33685,1.8,measured,2,17:28,94,94,20,UNGU,1 UNGU,1 UNGU,Possibly displaced?,
Selah Hyson / Frankie Gerraty,23 July 2025,17:13,19:17,37.12712,-122.33667,"North Point Beach, Año Nuevo",CCAM 53,CASL ,3,37.12741,-122.33685,1.8,measured,3,17:32,NA,300,61,UNGU,1 UNGU,NA,Seemed more dominant than TUVU,
Selah Hyson / Frankie Gerraty,23 July 2025,17:13,19:17,37.12712,-122.33667,"North Point Beach, Año Nuevo",CCAM 53,CASL ,3,37.12741,-122.33685,1.8,measured,3,17:32,NA,300,78,UNGU,1 UNGU,NA,,
Selah Hyson / Frankie Gerraty,30 Jul 2025,13:50,15:10,37.12016,-122.33785,"North Point Beach, Año Nuevo",NA,CASL ,1,37.1195,-122.33804,NA,NA,1,13:55,1234,305,92,CORA,1 UNGU ; 1 CASL ; 1 ELSE,1 UNGU,Elephant seals and sea lions in the area. Disturbed by waves ,
Selah Hyson / Frankie Gerraty,30 Jul 2025,14:41,15:19,37.12016,-122.33785,"North Point Beach, Año Nuevo",NA,Unknown pinniped,4,37.11917,-122.33787,NA,NA,1,14:41,NA,160,34,CORA,1 UNGU ; 1 ELSE,1 UNGU,Disturbed by seal. Not competitive with UNGU. Carcass covered in sand,
Selah Hyson / Frankie Gerraty,30 Jul 2025,14:41,15:19,37.12016,-122.33785,"North Point Beach, Año Nuevo",NA,Unknown pinniped,4,37.11917,-122.33787,NA,NA,2,15:13,NA,236,41,UNGU,NA,NA,Stopped feeding. Carcass covered in sand ,
Selah Hyson / Frankie Gerraty,30 Jul 2025,15:21,15:26,37.12016,-122.33785,"North Point Beach, Año Nuevo",NA,CASL ,4,37.12008,-122.3381,1.6,measured,1,15:21,289,166,41,UNGU,NA,NA,Early 4. Stopped feeding ,
Selah Hyson / Frankie Gerraty,1 Aug 2025,18:30,19:00,37.11626,-122.33052,"Bight Beach, Año Nuevo",1,CASL ,3,37.11655,-122.33109,1.35,measured,1,18:30,NA,317,85,TUVU,1 CORA ; 2 TUVU,1 CORA,,
Selah Hyson / Frankie Gerraty,1 Aug 2025,18:30,19:00,37.11626,-122.33052,"Bight Beach, Año Nuevo",1,CASL ,3,37.11655,-122.33109,1.35,measured,2,18:37,NA,428,90,CORA,1 TUVU ; 1 UNGU,1 TUVU,"displaced by TUVU, when TUVU the feeding rate went up",
Selah Hyson / Frankie Gerraty,1 Aug 2025,18:30,19:00,37.11626,-122.33052,"Bight Beach, Año Nuevo",1,CASL ,3,37.11655,-122.33109,1.35,measured,3,18:49,533,310,27,CORA,1 UNGU,NA,"1 TUVU on carcass, displaced by TUVU (bout only, not feeding rate)",
Selah Hyson / Frankie Gerraty,1 Aug 2025,18:30,19:00,37.11626,-122.33052,"Bight Beach, Año Nuevo",1,CASL ,3,37.11655,-122.33109,1.35,measured,4,18:56,NA,330,90,TUVU,1 CORA,1 CORA,,
Selah Hyson / Anirudh Karthik Manivannan,8 Aug 2025,16:33,18:05,37.11626,-122.33052,"Bight Beach, Año Nuevo",2,CASL ,2,37.11665,-122.33134,1.19,measured,1,16:33,NA,284,49,UNGU,1 CORA,NA,displaced by CORA,
Selah Hyson / Anirudh Karthik Manivannan,8 Aug 2025,16:33,18:05,37.11626,-122.33052,"Bight Beach, Año Nuevo",2,CASL ,2,37.11665,-122.33134,1.19,measured,2,16:38,288,288,69,CORA,1 CORA,NA,displaced by other CORA,
Selah Hyson / Anirudh Karthik Manivannan,8 Aug 2025,16:33,18:05,37.11626,-122.33052,"Bight Beach, Año Nuevo",2,CASL ,2,37.11665,-122.33134,1.19,measured,3,16:43,293,293,68,CORA,1 UNGU ; 1 CORA,1 UNGU,displaced by CORA,
Selah Hyson / Anirudh Karthik Manivannan,8 Aug 2025,16:33,18:05,37.11626,-122.33052,"Bight Beach, Año Nuevo",2,CASL ,2,37.11665,-122.33134,1.19,measured,4,16:48,655,303,58,CORA,1 UNGU ; 1 CORA,NA,,
Selah Hyson / Anirudh Karthik Manivannan,8 Aug 2025,16:33,18:05,37.11626,-122.33052,"Bight Beach, Año Nuevo",2,CASL ,2,37.11665,-122.33134,1.19,measured,4,16:48,655,218,38,CORA,1 UNGU ; 1 CORA,NA,"slowed by CORA presence, then displaced by CORA",
Selah Hyson / Anirudh Karthik Manivannan,8 Aug 2025,16:33,18:05,37.11626,-122.33052,"Bight Beach, Año Nuevo",2,CASL ,2,37.11665,-122.33134,1.19,measured,5,16:58,1108,300,85,CORA,1 UNGU ; 1 CORA,NA,,
Selah Hyson / Anirudh Karthik Manivannan,8 Aug 2025,16:33,18:05,37.11626,-122.33052,"Bight Beach, Año Nuevo",2,CASL ,2,37.11665,-122.33134,1.19,measured,5,16:58,1108,299,58,CORA,1 TUVU,NA,,
Selah Hyson / Anirudh Karthik Manivannan,8 Aug 2025,16:33,18:05,37.11626,-122.33052,"Bight Beach, Año Nuevo",2,CASL ,2,37.11665,-122.33134,1.19,measured,6,17:17,240,240,38,TUVU,1 TUVU ; 1 UNGU,NA,"waited for CORA to be done, displaced by UNGU",
Selah Hyson / Anirudh Karthik Manivannan,8 Aug 2025,16:33,18:05,37.11626,-122.33052,"Bight Beach, Año Nuevo",2,CASL ,2,37.11665,-122.33134,1.19,measured,7,17:21,837,300,79,UNGU,2 TUVU,1 TUVU,,
Selah Hyson / Anirudh Karthik Manivannan,8 Aug 2025,16:33,18:05,37.11626,-122.33052,"Bight Beach, Año Nuevo",2,CASL ,2,37.11665,-122.33134,1.19,measured,7,17:21,837,302,75,UNGU,2 TUVU,NA,displaced by TUVU after some time,
Selah Hyson / Anirudh Karthik Manivannan,8 Aug 2025,16:33,18:05,37.11626,-122.33052,"Bight Beach, Año Nuevo",2,CASL ,2,37.11665,-122.33134,1.19,measured,8,17:35,755,300,66,TUVU,1 TUVU ; 1 UNGU,1 TUVU,,
Selah Hyson / Anirudh Karthik Manivannan,8 Aug 2025,16:33,18:05,37.11626,-122.33052,"Bight Beach, Año Nuevo",2,CASL ,2,37.11665,-122.33134,1.19,measured,8,17:35,755,301,47,TUVU,1 TUVU ; 1 UNGU,1 TUVU,displaced by TUVU,
Selah Hyson / Anirudh Karthik Manivannan,8 Aug 2025,16:33,18:05,37.11626,-122.33052,"Bight Beach, Año Nuevo",2,CASL ,2,37.11665,-122.33134,1.19,measured,9,17:48,923,301,75,TUVU,2 TUVU ; 1 UNGU,1 TUVU ; 1 UNGU,took time to assert dominance,
Selah Hyson / Anirudh Karthik Manivannan,8 Aug 2025,16:33,18:05,37.11626,-122.33052,"Bight Beach, Año Nuevo",2,CASL ,2,37.11665,-122.33134,1.19,measured,9,17:48,923,303,61,TUVU,1 TUVU ; 1 UNGU,1 UNGU,scared away by ELSE,
Selah Hyson / Frankie Gerraty / Gabriel Gott / Megan Ireland,11 Aug 2025,10:02,11:29,37.11628,-122.33113,"Bight Beach, Año Nuevo",1,unknown pinniped,NA,37.11658,-122.33113,NA,NA,1,10:02,NA,118,22,UNGU,NA,NA,,
Selah Hyson / Frankie Gerraty / Gabriel Gott / Megan Ireland,11 Aug 2025,10:02,11:29,37.11628,-122.33113,"Bight Beach, Año Nuevo",1,unknown pinniped,NA,37.11658,-122.33113,NA,NA,1,10:02,NA,300,78,UNGU,NA,NA,,
Selah Hyson / Frankie Gerraty / Gabriel Gott / Megan Ireland,11 Aug 2025,10:02,11:29,37.11628,-122.33113,"Bight Beach, Año Nuevo",1,unknown pinniped,NA,37.11658,-122.33113,NA,NA,2,10:16,188,188,33,UNGU,NA,NA,,
Selah Hyson / Frankie Gerraty / Gabriel Gott / Megan Ireland,11 Aug 2025,10:02,11:29,37.11628,-122.33113,"Bight Beach, Año Nuevo",2,CASL,3,37.11628,-122.33066,1,estimated,1,10:28,163,163,24,UNGU,NA,NA,disturbed by wasp,
Selah Hyson / Frankie Gerraty / Gabriel Gott / Megan Ireland,11 Aug 2025,10:02,11:29,37.11628,-122.33113,"Bight Beach, Año Nuevo",1,unknown pinniped,NA,37.11658,-122.33113,NA,NA,3,11:02,NA,243,57,CORA,1 UNGU ; 1 CORA,1 UNGU ; 1 CORA,displaced by UNGU,
Selah Hyson / Frankie Gerraty / Gabriel Gott / Megan Ireland,11 Aug 2025,10:02,11:29,37.11628,-122.33113,"Bight Beach, Año Nuevo",1,unknown pinniped,NA,37.11658,-122.33113,NA,NA,4,11:04,NA,108,24,CORA,1 UNGU ; 1 CORA,1 CORA,displaced by UNGU,
Selah Hyson / Frankie Gerraty / Gabriel Gott / Megan Ireland,11 Aug 2025,10:02,11:29,37.11628,-122.33113,"Bight Beach, Año Nuevo",1,unknown pinniped,NA,37.11658,-122.33113,NA,NA,5,11:08,234,234,40,UNGU,1 UNGU ; 1 CORA,1 UNGU ; 1 CORA,displaced by 2 CORA and 1 UNGU,
Selah Hyson / Frankie Gerraty / Gabriel Gott / Megan Ireland,11 Aug 2025,10:02,11:29,37.11628,-122.33113,"Bight Beach, Año Nuevo",1,unknown pinniped,NA,37.11658,-122.33113,NA,NA,6,11:16,NA,193,42,UNGU,NA,NA,,
Selah Hyson / Frankie Gerraty / Gabriel Gott / Megan Ireland,11 Aug 2025,10:02,11:29,37.11628,-122.33049,"Bight Beach, Año Nuevo",1,unknown pinniped,NA,37.11658,-122.33113,NA,NA,7,11:24,NA,259,66,UNGU,NA,NA,,
Selah Hyson / Gabriel Gott,15 Aug 2025,9:15,12:35,37.12713,-122.33668,"North Point Beach, Año Nuevo",CCAM 53,CASL,4,37.12741,-122.33685,1.8,measured,1,10:02,252,252,33,UNGU,NA,NA,,
Selah Hyson / Gabriel Gott,15 Aug 2025,9:15,12:35,37.12022,-122.33783,"North Point Beach, Año Nuevo",1,CASL,3,37.11946,-122.33779,1,estimated,1,11:13,1659,309,56,UNGU,NA,NA,,
Selah Hyson / Gabriel Gott,15 Aug 2025,9:15,12:35,37.12022,-122.33783,"North Point Beach, Año Nuevo",1,CASL,3,37.11946,-122.33779,1,estimated,1,11:13,1659,313,78,UNGU,2 CORA,1 CORA,,
Selah Hyson / Gabriel Gott,15 Aug 2025,9:15,12:35,37.12022,-122.33783,"North Point Beach, Año Nuevo",1,CASL,3,37.11946,-122.33779,1,estimated,2,11:20,NA,255,71,CORA,1 UNGU ; 1 CORA,1 UNGU ; 1 CORA,displaced by UNGU,
Selah Hyson / Gabriel Gott,15 Aug 2025,9:15,12:35,37.12022,-122.33783,"North Point Beach, Año Nuevo",1,CASL,3,37.11946,-122.33779,1,estimated,3,11:23,307,305,44,CORA,2 CORA ; 1 UNGU,1 CORA ; 1 UNGU,displaced by UNGU and CORA, 
Selah Hyson / Gabriel Gott,15 Aug 2025,9:15,12:35,37.12022,-122.33783,"North Point Beach, Año Nuevo",1,CASL,3,37.11946,-122.33779,1,estimated,4,11:40,221,221,29,UNGU,NA,NA,,
Selah Hyson / Gabriel Gott,15 Aug 2025,9:15,12:35,37.12022,-122.33783,"North Point Beach, Año Nuevo",1,CASL,3,37.11946,-122.33779,1,estimated,5,12:00,179,179,34,UNGU,NA,NA,displaced by UNGU,
Selah Hyson / Gabriel Gott,15 Aug 2025,9:15,12:35,37.12022,-122.33783,"North Point Beach, Año Nuevo",1,CASL,3,37.11946,-122.33779,1,estimated,6,12:03,NA,321,57,UNGU,2 UNGU,NA,view obstructed by ELSE,
Selah Hyson / Gabriel Gott,15 Aug 2025,9:15,12:35,37.12022,-122.33783,"North Point Beach, Año Nuevo",1,CASL,3,37.11946,-122.33779,1,estimated,7,12:14,NA,304,72,UNGU,1 UNGU,NA,,
Selah Hyson / Gabriel Gott,15 Aug 2025,9:15,12:35,37.12022,-122.33783,"North Point Beach, Año Nuevo",1,CASL,3,37.11946,-122.33779,1,estimated,7,12:19,NA,136,8,UNGU,4 UNGU,1 UNGU,displaced by UNGU,
Selah Hyson / Claire Nielsen,20 Aug 2025,15:30,17:00,37.11624,-122.33051,"Bight Beach, Año Nuevo",CCAM57,CASL,3,37.11652,-122.331,1.02,measured,1,15:30,NA,69,8,TUVU,1 UNGU ,1 UNGU,displaced by TUVU,
Selah Hyson / Claire Nielsen,20 Aug 2025,15:30,17:00,37.11624,-122.33051,"Bight Beach, Año Nuevo",CCAM57,CASL,3,37.11652,-122.331,1.02,measured,2,15:31,135,135,5,TUVU,1 UNGU,1 UNGU,,
Selah Hyson / Claire Nielsen,20 Aug 2025,15:30,17:00,37.11624,-122.33051,"Bight Beach, Año Nuevo",CCAM57,CASL,3,37.11652,-122.331,1.02,measured,3,15:50,89,89,NA,CORA,1 UNGU ; 1 TUVU,1 UNGU,,
Selah Hyson / Claire Nielsen,20 Aug 2025,15:30,17:00,37.11624,-122.33051,"Bight Beach, Año Nuevo",CCAM57,CASL,3,37.11652,-122.331,1.02,measured,4,16:00,1125,300,73,UNGU,NA,NA,,
Selah Hyson / Claire Nielsen,20 Aug 2025,15:30,17:00,37.11624,-122.33051,"Bight Beach, Año Nuevo",CCAM57,CASL,3,37.11652,-122.331,1.02,measured,4,16:00,1125,207,48,UNGU,NA,NA,,
Selah Hyson / Claire Nielsen,20 Aug 2025,15:30,17:00,37.11624,-122.33051,"Bight Beach, Año Nuevo",CCAM57,CASL,3,37.11652,-122.331,1.02,measured,5,16:20,658,300,51,UNGU,NA,NA,displaced by UNGU,
Selah Hyson / Claire Nielsen,20 Aug 2025,15:30,17:00,37.11624,-122.33051,"Bight Beach, Año Nuevo",CCAM57,CASL,3,37.11652,-122.331,1.02,measured,6,16:34,1400,301,55,UNGU,2 CORA,1 CORA,,
Selah Hyson / Claire Nielsen,20 Aug 2025,15:30,17:00,37.11624,-122.33051,"Bight Beach, Año Nuevo",CCAM57,CASL,3,37.11652,-122.331,1.02,measured,6,16:34,1400,204,27,UNGU,NA,NA,,
Selah Hyson / Claire Nielsen,20 Aug 2025,15:30,17:00,37.11624,-122.33051,"Bight Beach, Año Nuevo",CCAM57,CASL,3,37.11652,-122.331,1.02,measured,7,17:00,246,246,64,CORA,1 UNGU,NA,displaced by UNGU,
Frankie Gerraty,20 Aug 2025,15:30,17:00,37.11624,-122.33051,"Bight Beach, Año Nuevo",CCAM57,CASL,3,37.11652,-122.331,1.02,measured,8,15:30,NA,332,100,UNGU,2 TUVU ; 1 UNGU,1 TUVU,,
Frankie Gerraty,20 Aug 2025,15:30,17:00,37.11624,-122.33051,"Bight Beach, Año Nuevo",CCAM57,CASL,3,37.11652,-122.331,1.02,measured,8,15:40,NA,315,77,UNGU,NA,NA,,
Frankie Gerraty,20 Aug 2025,15:30,17:00,37.11624,-122.33051,"Bight Beach, Año Nuevo",CCAM57,CASL,3,37.11652,-122.331,1.02,measured,8,15:56,NA,85,23,UNGU,NA,NA,,
Frankie Gerraty,20 Aug 2025,16:20,16:55,37.1181,-123.33463,North Point Overlook,1,CASL,1,37.1178,-122.33498,1.2,estimated,1,16:22,NA,70,13,TUVU,3 TUVU,1 TUVU,displaced by TUVU,
Frankie Gerraty,20 Aug 2025,16:20,16:55,37.1181,-123.33463,North Point Overlook,1,CASL,1,37.1178,-122.33498,1.2,estimated,2,16:30,NA,229,52,TUVU,10 TUVU ; 1 UNGU,5 TUVU,displaced by TUVU,
Frankie Gerraty,20 Aug 2025,16:20,16:55,37.1181,-123.33463,North Point Overlook,1,CASL,1,37.1178,-122.33498,1.2,estimated,3,16:45,NA,302,42,TUVU,8 TUVU ; 1 UNGU,NA,,
Selah Hyson / Frankie Gerraty,22 Aug 2025,8:30,11:30,37.11782,-122.33342,North Point Overlook,1,CASL,3,37.117857,-122.334821,1.25,estimated,1,9:03,375,305,92,UNGU,5 CORA,4 CORA,disturbed by ELSE,
Selah Hyson / Frankie Gerraty,22 Aug 2025,8:30,11:30,37.11782,-122.33342,North Point Overlook,1,CASL,3,37.117857,-122.334821,1.25,estimated,2,9:04,NA,285,55,CORA,4 CORA ; 1 UNGU,3 CORA ; 1 UNGU,disturbed by ELSE,
Selah Hyson / Frankie Gerraty,22 Aug 2025,8:30,11:30,37.11782,-122.33342,North Point Overlook,1,CASL,3,37.117857,-122.334821,1.25,estimated,3,10:27,294,294,67,CORA,1 CORA ; 1 UNGU,1 CORA ; 1 UNGU,,
Selah Hyson / Frankie Gerraty,22 Aug 2025,8:30,11:30,37.11782,-122.33342,North Point Overlook,1,CASL,3,37.117857,-122.334821,1.25,estimated,4,10:27,2309,252,76,CORA,1 CORA ; 1 UNGU,1 CORA ; 1 UNGU,,
Selah Hyson / Frankie Gerraty,22 Aug 2025,8:30,11:30,37.11782,-122.33342,North Point Overlook,1,CASL,3,37.117857,-122.334821,1.25,estimated,5,10:27,1341,298,80,UNGU,1 CORA ; 1 UNGU,1 CORA ; 1 UNGU,,
Selah Hyson / Frankie Gerraty,22 Aug 2025,8:30,11:30,37.11782,-122.33342,North Point Overlook,1,CASL,3,37.117857,-122.334821,1.25,estimated,6,10:48,494,273,84,CORA,3 CORA ; 1 UNGU,3 CORA ; 1 UNGU,,
Selah Hyson / Frankie Gerraty,22 Aug 2025,8:30,11:30,37.11782,-122.33342,North Point Overlook,1,CASL,3,37.117857,-122.334821,1.25,estimated,7,11:03,948,257,62,CORA,4 CORA ; 1 UNGU,3 CORA,,
Selah Hyson / Frankie Gerraty,22 Aug 2025,8:30,11:30,37.11782,-122.33342,North Point Overlook,1,CASL,3,37.117857,-122.334821,1.25,estimated,7,11:03,948,274,90,CORA,3 CORA,2 CORA,,
Selah Hyson / Frankie Gerraty,22 Aug 2025,8:30,11:30,37.11782,-122.33342,North Point Overlook,1,CASL,3,37.117857,-122.334821,1.25,estimated,8,11:06,NA,65,26,CORA,4 CORA,1 CORA,,
Selah Hyson / Frankie Gerraty,22 Aug 2025,8:30,11:30,37.11782,-122.33342,North Point Overlook,1,CASL,3,37.117857,-122.334821,1.25,estimated,9,11:16,NA,36,12,CORA,1 CORA,1 CORA,,
Selah Hyson / Claire Nielsen / Frankie Gerraty / Gabriel Gott,27 Aug 2025,10:29,11:55,37.11782,-122.33342,North Point Overlook,1,CASL,3,37.11814,-122.33469,1.5,estimated,1,10:29,NA,313,75,TUVU,1 TUVU,1 TUVU,,
Selah Hyson / Claire Nielsen / Frankie Gerraty / Gabriel Gott,27 Aug 2025,10:29,11:55,37.11782,-122.33342,North Point Overlook,1,CASL,3,37.11814,-122.33469,1.5,estimated,2,10:30,NA,312,57,TUVU,1 TUVU,1 TUVU,Juvenile,
Selah Hyson / Claire Nielsen / Frankie Gerraty / Gabriel Gott,27 Aug 2025,10:29,11:55,37.11782,-122.33342,North Point Overlook,1,CASL,3,37.11814,-122.33469,1.5,estimated,2,10:37,NA,292,29,TUVU,2 TUVU,2 TUVU,"Juvenile, timid after TUVU arrival",
Selah Hyson / Claire Nielsen / Frankie Gerraty / Gabriel Gott,27 Aug 2025,10:29,11:55,37.11782,-122.33342,North Point Overlook,1,CASL,3,37.11814,-122.33469,1.5,estimated,2,10:50,NA,256,45,TUVU,1 TUVU,1 TUVU,,
Selah Hyson / Claire Nielsen / Frankie Gerraty / Gabriel Gott,27 Aug 2025,10:29,11:55,37.11782,-122.33342,North Point Overlook,1,CASL,3,37.11814,-122.33469,1.5,estimated,3,10:36,2280,320,61,TUVU,2 TUVU,2 TUVU,,
Selah Hyson / Claire Nielsen / Frankie Gerraty / Gabriel Gott,27 Aug 2025,10:29,11:55,37.11782,-122.33342,North Point Overlook,1,CASL,3,37.11814,-122.33469,1.5,estimated,3,10:50,2280,300,52,TUVU,2 TUVU,1 TUVU,,
Selah Hyson / Claire Nielsen / Frankie Gerraty / Gabriel Gott,27 Aug 2025,10:29,11:55,37.11782,-122.33342,North Point Overlook,1,CASL,3,37.11814,-122.33469,1.5,estimated,4,11:15,NA,306,47,TUVU,1 TUVU ; 1 UNGU,1 TUVU ; 1 UNGU,Juvenile,
Selah Hyson / Claire Nielsen / Frankie Gerraty / Gabriel Gott,27 Aug 2025,10:29,11:55,37.11782,-122.33342,North Point Overlook,1,CASL,3,37.11814,-122.33469,1.5,estimated,5,11:18,295,295,48,UNGU,2 TUVU,2 TUVU,,
Selah Hyson / Claire Nielsen / Frankie Gerraty / Gabriel Gott,27 Aug 2025,10:29,11:55,37.11782,-122.33342,North Point Overlook,1,CASL,3,37.11814,-122.33469,1.5,estimated,6,11:24,NA,292,54,TUVU,3 TUVU,3 TUVU,,
Selah Hyson / Claire Nielsen / Frankie Gerraty / Gabriel Gott,27 Aug 2025,10:29,11:55,37.11782,-122.33342,North Point Overlook,1,CASL,3,37.11814,-122.33469,1.5,estimated,6,11:39,NA,303,49,TUVU,3 TUVU ; 2 UNGU,3 TUVU,,
Selah Hyson / Claire Nielsen / Frankie Gerraty / Gabriel Gott,27 Aug 2025,10:29,11:55,37.11782,-122.33342,North Point Overlook,1,CASL,3,37.11814,-122.33469,1.5,estimated,7,11:22,NA,288,29,TUVU,3 TUVU,3 TUVU,Timid because other TUVUs,
Selah Hyson / Claire Nielsen / Frankie Gerraty / Gabriel Gott,27 Aug 2025,10:29,11:55,37.11782,-122.33342,North Point Overlook,1,CASL,3,37.11814,-122.33469,1.5,estimated,8,11:45,NA,340,40,TUVU,2 TUVU ; 2 UNGU,1 TUVU ; 2 UNGU,,
Selah Hyson / Frankie Gerraty / Gabriel Gott,29 Aug 2025,14:05,16:36,37.11782,-122.33342,North Point Overlook,1,CASL,3,37.11814,-122.33469,1.5,estimated,1,14:08,2119,357,61,TUVU,2 TUVU,2 TUVU,,
Selah Hyson / Frankie Gerraty / Gabriel Gott,29 Aug 2025,14:05,16:36,37.11782,-122.33342,North Point Overlook,1,CASL,3,37.11814,-122.33469,1.5,estimated,1,14:08,2119,361,73,TUVU,2 TUVU,2 TUVU,Used claws to stand on chunk,
Selah Hyson / Frankie Gerraty / Gabriel Gott,29 Aug 2025,14:05,16:36,37.11782,-122.33342,North Point Overlook,1,CASL,3,37.11814,-122.33469,1.5,estimated,2,14:14,814,360,33,TUVU,3 TUVU,2 TUVU,Timid because other TUVU,
Selah Hyson / Frankie Gerraty / Gabriel Gott,29 Aug 2025,14:05,16:36,37.11782,-122.33342,North Point Overlook,1,CASL,3,37.11814,-122.33469,1.5,estimated,2,14:23,814,257,7,TUVU,3 TUVU,3 TUVU,Timid because other TUVU,
Selah Hyson / Frankie Gerraty / Gabriel Gott,29 Aug 2025,14:05,16:36,37.11782,-122.33342,North Point Overlook,1,CASL,3,37.11814,-122.33469,1.5,estimated,3,14:20,2718,308,33,TUVU,3 TUVU,3 TUVU,"Juvenile, timid because other TUVU",
Selah Hyson / Frankie Gerraty / Gabriel Gott,29 Aug 2025,14:05,16:36,37.11782,-122.33342,North Point Overlook,1,CASL,3,37.11814,-122.33469,1.5,estimated,3,14:32,2718,307,54,TUVU,2 TUVU,1 TUVU,Juvenile,
Selah Hyson / Frankie Gerraty / Gabriel Gott,29 Aug 2025,14:05,16:36,37.11782,-122.33342,North Point Overlook,1,CASL,3,37.11814,-122.33469,1.5,estimated,4,14:42,926,693,23,TUVU,1 TUVU,1 TUVU,Timid because other TUVU,
Selah Hyson / Frankie Gerraty / Gabriel Gott,29 Aug 2025,14:05,16:36,37.11782,-122.33342,North Point Overlook,1,CASL,3,37.11814,-122.33469,1.5,estimated,5,15:07,1785,600,50,TUVU,NA,NA,,
Selah Hyson / Frankie Gerraty / Gabriel Gott,29 Aug 2025,14:05,16:36,37.11782,-122.33342,North Point Overlook,1,CASL,3,37.11814,-122.33469,1.5,estimated,5,15:21,1785,300,40,TUVU,NA,NA,,
Selah Hyson / Claire Nielsen / Gabriel Gott,3 Sep 2025,9:16,11:31,37.11782,-122.33342,North Point Overlook,1,CASL,2,37.11816,-122.33467,1,estimated,1,9:22,NA,306,42,UNGU,1 CORA,1 CORA,,
Selah Hyson / Claire Nielsen / Gabriel Gott,3 Sep 2025,9:16,11:31,37.11782,-122.33342,North Point Overlook,1,CASL,2,37.11816,-122.33467,1,estimated,2,9:23,NA,289,51,CORA,2 UNGU,2 UNGU,,
Selah Hyson / Claire Nielsen / Gabriel Gott,3 Sep 2025,9:16,11:31,37.11782,-122.33342,North Point Overlook,1,CASL,2,37.11816,-122.33467,1,estimated,2,9:40,NA,203,44,CORA,2 UNGU,2 UNGU,Bout ended before 5 mins,
Selah Hyson / Claire Nielsen / Gabriel Gott,3 Sep 2025,9:16,11:31,37.11782,-122.33342,North Point Overlook,1,CASL,2,37.11816,-122.33467,1,estimated,3,9:32,NA,236,44,UNGU,1 CORA ; 1 UNGU,1 CORA ; 1 UNGU,,
Selah Hyson / Claire Nielsen / Gabriel Gott,3 Sep 2025,9:16,11:31,37.11782,-122.33342,North Point Overlook,2,CASL,4,37.11814,-122.33469,1.5,estimated,4,9:47,NA,241,16,TUVU,2 UNGU ; 1 CORA,1 UNGU ; 1 CORA,"Juvenile, disturbed by UNGU",
Selah Hyson / Claire Nielsen / Gabriel Gott,3 Sep 2025,9:16,11:31,37.11782,-122.33342,North Point Overlook,1,CASL,2,37.11816,-122.33467,1,estimated,5,10:02,435,300,26,TUVU,2 UNGU ; 2 CORA ; 1 TUVU,1 UNGU ; 2 CORA,Disturbed by UNGU and TUVU,
Selah Hyson / Claire Nielsen / Gabriel Gott,3 Sep 2025,9:16,11:31,37.11782,-122.33342,North Point Overlook,1,CASL,2,37.11816,-122.33467,1,estimated,6,10:17,NA,281,44,UNGU,1 TUVU ; 1 CORA,1 TUVU ; 1 CORA,,
Selah Hyson / Claire Nielsen / Gabriel Gott,3 Sep 2025,9:16,11:31,37.11782,-122.33342,North Point Overlook,1,CASL,2,37.11816,-122.33467,1,estimated,7,10:18,2088,428,84,TUVU,1 CORA ; 1 UNGU,1 CORA ; 1 UNGU,,
Selah Hyson / Claire Nielsen / Gabriel Gott,3 Sep 2025,9:16,11:31,37.11782,-122.33342,North Point Overlook,1,CASL,2,37.11816,-122.33467,1,estimated,7,10:37,2088,325,37,TUVU,2 CORA ; 2 UNGU,1 CORA ; 2 UNGU,,
Selah Hyson / Claire Nielsen / Gabriel Gott,3 Sep 2025,9:16,11:31,37.11782,-122.33342,North Point Overlook,1,CASL,2,37.11816,-122.33467,1,estimated,8,10:40,NA,330,72,UNGU,1 CORA ; 1 UNGU ; 1 TUVU,1 TUVU,,
Selah Hyson / Claire Nielsen / Gabriel Gott,3 Sep 2025,9:16,11:31,37.11782,-122.33342,North Point Overlook,1,CASL,2,37.11816,-122.33467,1,estimated,9,10:48,1015,377,87,UNGU,1 TUVU ; 1 UNGU,NA,,
Selah Hyson / Claire Nielsen / Gabriel Gott,3 Sep 2025,9:16,11:31,37.11782,-122.33342,North Point Overlook,1,CASL,2,37.11816,-122.33467,1,estimated,10,11:10,987,370,60,UNGU,1 UNGU,NA,,
Selah Hyson / Gabriel Gott,5 Sep 2025,14:58,16:50,37.11815,-122.33468,North Point Overlook,1,CASL,4,37.11813,-122.3347,1.5,estimated,1,14:59,NA,356,52,UNGU,1 UNGU,1 UNGU,,
Selah Hyson / Gabriel Gott,5 Sep 2025,14:58,16:50,37.11815,-122.33468,North Point Overlook,1,CASL,4,37.11813,-122.3347,1.5,estimated,2,15:27,362,319,71,UNGU,NA,NA,,
Selah Hyson / Gabriel Gott,5 Sep 2025,14:58,16:50,37.11815,-122.33468,North Point Overlook,1,CASL,4,37.11813,-122.3347,1.5,estimated,3,15:38,170,170,27,UNGU,NA,NA,"Undisturbed, but short bout",
Selah Hyson / Frankie Gerraty ,10 Sep 2025,15:30,17:00,37.11485,-122.32939,South Point,CCAM61,CASL,3,37.11454,-122.32948,1.6,measured,1,15:30,NA,310,89,TUVU,1 TUVU,1 TUVU,,
Selah Hyson / Frankie Gerraty ,10 Sep 2025,15:30,17:00,37.11485,-122.32939,South Point,CCAM61,CASL,3,37.11454,-122.32948,1.6,measured,2,15:36,1074,350,7,TUVU,2 TUVU ; 1 UNGU,1 TUVU,Timid because other TUVU,
Selah Hyson / Frankie Gerraty ,10 Sep 2025,15:30,17:00,37.11485,-122.32939,South Point,CCAM61,CASL,3,37.11454,-122.32948,1.6,measured,2,15:36,1074,303,50,TUVU,2 UNGU ; 3 TUVU,1 UNGU ; 2 TUVU,,
Selah Hyson / Frankie Gerraty ,10 Sep 2025,15:30,17:00,37.11485,-122.32939,South Point,CCAM61,CASL,3,37.11454,-122.32948,1.6,measured,4,15:53,NA,304,90,UNGU,3 TUVU ; 1 UNGU,1 TUVU,,
Selah Hyson / Frankie Gerraty ,10 Sep 2025,15:30,17:00,37.11485,-122.32939,South Point,CCAM61,CASL,3,37.11454,-122.32948,1.6,measured,5,16:01,NA,324,130,TUVU,3 TUVU ; 1 UNGU,1 UNGU ; 1 TUVU,,
Selah Hyson / Frankie Gerraty ,10 Sep 2025,15:30,17:00,37.11485,-122.32939,South Point,CCAM61,CASL,3,37.11454,-122.32948,1.6,measured,9,16:46,NA,300,110,UNGU,1 TUVU ,1 TUVU,,
Selah Hyson / Frankie Gerraty ,10 Sep 2025,15:30,17:00,37.11485,-122.32939,South Point,CCAM61,CASL,3,37.11454,-122.32948,1.6,measured,10,16:45,NA,122,20,TUVU,1 TUVU ; 1 UNGU,1 UNGU,,
Selah Hyson / Frankie Gerraty ,10 Sep 2025,15:30,17:00,37.11485,-122.32939,South Point,2,CASL,3,37.11356,-122.32919,1.17,measured,3,15:44,NA,303,42,CORA,7 TUVU ; 2 CORA ; 3 UNGU,7 TUVU ; 3 UNGU ; 1 CORA,,
Selah Hyson / Frankie Gerraty ,10 Sep 2025,15:30,17:00,37.11485,-122.32939,South Point,2,CASL,3,37.11356,-122.32919,1.17,measured,6,16:10,NA,157,22,CORA,8 TUVU ; 2 CORA ; 3 UNGU,5 TUVU ; 1 CORA ; 3 UNGU,Timid because other TUVU and UNGU,
Selah Hyson / Frankie Gerraty ,10 Sep 2025,15:30,17:00,37.11485,-122.32939,South Point,2,CASL,3,37.11356,-122.32919,1.17,measured,7,16:33,NA,303,53,TUVU,6 TUVU ,5 TUVU,,
Selah Hyson / Frankie Gerraty ,10 Sep 2025,15:30,17:00,37.11485,-122.32939,South Point,2,CASL,3,37.11356,-122.32919,1.17,measured,8,16:38,NA,302,44,TUVU,6 TUVU ; 2 UNGU,5 TUVU,,
Selah Hyson / Gabriel Gott,12 Sep 2025,10:50,11:35,37.11625,-122.33054,"Bight Beach, Año Nuevo",1,unknown pinniped,NA,37.11632,-122.33092,NA,NA,1,10:53,NA,395,53,UNGU,2 UNGU ; 2 CORA,1 CORA,,
Selah Hyson / Gabriel Gott,12 Sep 2025,10:50,11:35,37.11625,-122.33054,"Bight Beach, Año Nuevo",1,unknown pinniped,NA,37.11632,-122.33092,NA,NA,2,11:12,258,258,27,TUVU,2 TUVU ; 3 UNGU ; 2 CORA,2 TUVU ; 1 UNGU ; 2 CORA,,
Selah Hyson / Gabriel Gott,12 Sep 2025,10:50,11:35,37.11625,-122.33054,"Bight Beach, Año Nuevo",1,unknown pinniped,NA,37.11632,-122.33092,NA,NA,3,11:20,906,310,53,CORA,1 TUVU ; 1 UNGU,NA,Wave disturbance slowed rate,